{
  "fpcStiffeners": [
    {
      "id": "e455",
      "gerber": "Gerber_TopStiffenerLayer_fr4t_0.2.GTSL",
      "layer": "top",
      "material": "fr4",
      "thickness": "0.2",
      "path": [
        [
          [
            "R",
            2336.2158,
            444.0936,
            1614.173,
            252.4795,
            0,
            78.7402
          ]
        ]
      ]
    },
    {
      "id": "e302",
      "gerber": "Gerber_BottomStiffenerLayer_pib_0.2.GBSL",
      "layer": "bottom",
      "material": "pi",
      "thickness": "0.2",
      "path": [
        [
          [
            "R",
            2335.4284,
            444.881,
            1614.5637,
            254.3302,
            0,
            78.7402
          ]
        ]
      ]
    },
    {
      "id": "e10",
      "gerber": "Gerber_TopStiffenerLayer_fr4t_0.2.GTSL",
      "layer": "top",
      "material": "fr4",
      "thickness": "0.2",
      "path": [
        [
          [
            3305.1166,
            -211.554,
            "L",
            3190.9434,
            -211.554,
            "ARC",
            -90,
            3179.1324,
            -199.743,
            "L",
            3179.1324,
            -54.0737,
            3316.9276,
            -54.0737,
            3316.9276,
            -199.743,
            "ARC",
            -90,
            3305.1166,
            -211.554
          ]
        ]
      ]
    }
  ]
}